entry_va,size_bytes,reason
0x003c9546,184,"Ghidra exported size 189 but the body ends at 0x003c95fd (184 bytes, next function 0x003c95fe); 5 bytes too many made prove skip it as partial-decode"
0x00022020,7,"Not a Ghidra function entry: inc dword [0x00563918]; ret (ff 05 18 39 56 00 c3), the registered game_vblank_counter_increment"
0x002c00f0,286,"T1474: decoded build/default.xbe: the body is 0x2c00f0..0x2c020d (ret at 0x2c020d, 286 bytes, contiguous, next function 0x2c0210 after int3 pad); Ghidra exported size 381 and body_max_va 0x0031420e (a fragmented-span artefact from the tail jump to 0x3141b0 that swallowed 644 listed entries); docs/t1474-span-repair.md"
0x003ba270,327,"T1752: contiguous original body 0x3ba270..0x3ba3b6 ending ret, next entry 0x3ba3c0; exported 320 stops before final return; docs/t1752-fesl-crypto-codecs.md"
0x003c6730,347,"T1752: contiguous original body 0x3c6730..0x3c688a ending ret, next entry 0x3c6890; exported 344 stops inside epilogue; docs/t1752-fesl-crypto-codecs.md"
0x00013030,1048,"T1776: authenticated contiguous original span through 0x00013447; exact decode ends ret, no other merged entry; docs/data/t1776-extent-repair.json"
0x00013a50,1112,"T1776: authenticated contiguous original span through 0x00013EA7; exact decode ends ret, no other merged entry; docs/data/t1776-extent-repair.json"
0x00013eb0,746,"T1776: authenticated contiguous original span through 0x00014199; exact decode ends ret, no other merged entry; docs/data/t1776-extent-repair.json"
0x00017e90,353,"T1776: authenticated contiguous original span through 0x00017FF0; exact decode ends ret, no other merged entry; docs/data/t1776-extent-repair.json"
0x0001b100,1119,"T1776: authenticated contiguous original span through 0x0001B55E; exact decode ends ret, no other merged entry; docs/data/t1776-extent-repair.json"
0x00020cc0,786,"T1776: authenticated contiguous original span through 0x00020FD1; exact decode ends ret, no other merged entry; docs/data/t1776-extent-repair.json"
0x00022040,205,"T1776: authenticated contiguous original span through 0x0002210C; exact decode ends ret, no other merged entry; docs/data/t1776-extent-repair.json"
0x00022be0,1037,"T1776: authenticated contiguous original span through 0x00022FEC; exact decode ends ret, no other merged entry; docs/data/t1776-extent-repair.json"
0x00025e40,430,"T1776: authenticated contiguous original span through 0x00025FED; exact decode ends ret, no other merged entry; docs/data/t1776-extent-repair.json"
0x00026c30,85,"T1776: authenticated contiguous original span through 0x00026C84; exact decode ends ret, no other merged entry; docs/data/t1776-extent-repair.json"
0x00027290,325,"T1776: authenticated contiguous original span through 0x000273D4; exact decode ends ret, no other merged entry; docs/data/t1776-extent-repair.json"
0x000279c0,490,"T1776: authenticated contiguous original span through 0x00027BA9; exact decode ends ret, no other merged entry; docs/data/t1776-extent-repair.json"
0x00027da0,461,"T1776: authenticated contiguous original span through 0x00027F6C; exact decode ends ret, no other merged entry; docs/data/t1776-extent-repair.json"
0x0002a470,345,"T1776: authenticated contiguous original span through 0x0002A5C8; exact decode ends ret, no other merged entry; docs/data/t1776-extent-repair.json"
0x0002ba80,528,"T1776: authenticated contiguous original span through 0x0002BC8F; exact decode ends ret, no other merged entry; docs/data/t1776-extent-repair.json"
0x00030280,1014,"T1776: authenticated contiguous original span through 0x00030675; exact decode ends ret, no other merged entry; docs/data/t1776-extent-repair.json"
0x00031ba0,128,"T1776: authenticated contiguous original span through 0x00031C1F; exact decode ends ret, no other merged entry; docs/data/t1776-extent-repair.json"
0x00032890,1409,"T1776: authenticated contiguous original span through 0x00032E10; exact decode ends ret, no other merged entry; docs/data/t1776-extent-repair.json"
0x000344e0,1073,"T1776: authenticated contiguous original span through 0x00034910; exact decode ends ret, no other merged entry; docs/data/t1776-extent-repair.json"
0x00035120,758,"T1776: authenticated contiguous original span through 0x00035415; exact decode ends ret, no other merged entry; docs/data/t1776-extent-repair.json"
0x0003de30,207,"T1776: authenticated contiguous original span through 0x0003DEFE; exact decode ends ret, no other merged entry; docs/data/t1776-extent-repair.json"
0x0003f540,77,"T1776: authenticated contiguous original span through 0x0003F58C; exact decode ends ret, no other merged entry; docs/data/t1776-extent-repair.json"
0x0003fb90,113,"T1776: authenticated contiguous original span through 0x0003FC00; exact decode ends ret, no other merged entry; docs/data/t1776-extent-repair.json"
0x00040c10,748,"T1776: authenticated contiguous original span through 0x00040EFB; exact decode ends ret, no other merged entry; docs/data/t1776-extent-repair.json"
0x000428d0,66,"T1776: authenticated contiguous original span through 0x00042911; exact decode ends ret, no other merged entry; docs/data/t1776-extent-repair.json"
0x00043c50,3063,"T1776: authenticated contiguous original span through 0x00044846; exact decode ends ret, no other merged entry; docs/data/t1776-extent-repair.json"
0x000455d0,33,"T1776: authenticated contiguous original span through 0x000455F0; exact decode ends ret, no other merged entry; docs/data/t1776-extent-repair.json"
0x00046610,396,"T1776: authenticated contiguous original span through 0x0004679B; exact decode ends ret, no other merged entry; docs/data/t1776-extent-repair.json"
0x00046cb0,201,"T1776: authenticated contiguous original span through 0x00046D78; exact decode ends ret, no other merged entry; docs/data/t1776-extent-repair.json"
0x00049e60,729,"T1776: authenticated contiguous original span through 0x0004A138; exact decode ends ret, no other merged entry; docs/data/t1776-extent-repair.json"
0x0004c560,7558,"T1776: authenticated contiguous original span through 0x0004E2E5; exact decode ends ret, no other merged entry; docs/data/t1776-extent-repair.json"
0x0004e2f0,6918,"T1776: authenticated contiguous original span through 0x0004FDF5; exact decode ends ret, no other merged entry; docs/data/t1776-extent-repair.json"
0x00050170,1208,"T1776: authenticated contiguous original span through 0x00050627; exact decode ends ret, no other merged entry; docs/data/t1776-extent-repair.json"
0x00050630,7867,"T1776: authenticated contiguous original span through 0x000524EA; exact decode ends ret, no other merged entry; docs/data/t1776-extent-repair.json"
0x00054730,3471,"T1776: authenticated contiguous original span through 0x000554BE; exact decode ends ret, no other merged entry; docs/data/t1776-extent-repair.json"
0x000554c0,2138,"T1776: authenticated contiguous original span through 0x00055D19; exact decode ends ret, no other merged entry; docs/data/t1776-extent-repair.json"
0x00057880,433,"T1776: authenticated contiguous original span through 0x00057A30; exact decode ends ret, no other merged entry; docs/data/t1776-extent-repair.json"
0x0005c2f0,304,"T1776: authenticated contiguous original span through 0x0005C41F; exact decode ends ret, no other merged entry; docs/data/t1776-extent-repair.json"
0x00060050,448,"T1776: authenticated contiguous original span through 0x0006020F; exact decode ends ret, no other merged entry; docs/data/t1776-extent-repair.json"
0x00061450,81,"T1776: authenticated contiguous original span through 0x000614A0; exact decode ends ret, no other merged entry; docs/data/t1776-extent-repair.json"
0x00063730,57,"T1776: authenticated contiguous original span through 0x00063768; exact decode ends ret, no other merged entry; docs/data/t1776-extent-repair.json"
0x00064810,1094,"T1776: authenticated contiguous original span through 0x00064C55; exact decode ends ret, no other merged entry; docs/data/t1776-extent-repair.json"
0x00064e20,36,"T1776: authenticated contiguous original span through 0x00064E43; exact decode ends ret, no other merged entry; docs/data/t1776-extent-repair.json"
0x000668f0,1439,"T1776: authenticated contiguous original span through 0x00066E8E; exact decode ends ret, no other merged entry; docs/data/t1776-extent-repair.json"
0x000674c0,2054,"T1776: authenticated contiguous original span through 0x00067CC5; exact decode ends ret, no other merged entry; docs/data/t1776-extent-repair.json"
0x00067f00,695,"T1776: authenticated contiguous original span through 0x000681B6; exact decode ends ret, no other merged entry; docs/data/t1776-extent-repair.json"
0x00068830,3415,"T1776: authenticated contiguous original span through 0x00069586; exact decode ends ret, no other merged entry; docs/data/t1776-extent-repair.json"
0x00069820,162,"T1776: authenticated contiguous original span through 0x000698C1; exact decode ends ret, no other merged entry; docs/data/t1776-extent-repair.json"
0x0006bd30,392,"T1776: authenticated contiguous original span through 0x0006BEB7; exact decode ends ret, no other merged entry; docs/data/t1776-extent-repair.json"
0x0006c1e0,1049,"T1776: authenticated contiguous original span through 0x0006C5F8; exact decode ends ret, no other merged entry; docs/data/t1776-extent-repair.json"
0x0006c920,1160,"T1776: authenticated contiguous original span through 0x0006CDA7; exact decode ends ret, no other merged entry; docs/data/t1776-extent-repair.json"
0x0006d230,1379,"T1776: authenticated contiguous original span through 0x0006D792; exact decode ends ret, no other merged entry; docs/data/t1776-extent-repair.json"
0x0006d7a0,4912,"T1776: authenticated contiguous original span through 0x0006EACF; exact decode ends ret, no other merged entry; docs/data/t1776-extent-repair.json"
0x0006ee10,136,"T1776: authenticated contiguous original span through 0x0006EE97; exact decode ends ret, no other merged entry; docs/data/t1776-extent-repair.json"
0x0006f6f0,509,"T1776: authenticated contiguous original span through 0x0006F8EC; exact decode ends ret, no other merged entry; docs/data/t1776-extent-repair.json"
0x00070720,1287,"T1776: authenticated contiguous original span through 0x00070C26; exact decode ends ret, no other merged entry; docs/data/t1776-extent-repair.json"
0x00070c50,54,"T1776: authenticated contiguous original span through 0x00070C85; exact decode ends ret, no other merged entry; docs/data/t1776-extent-repair.json"
0x00071f30,893,"T1776: authenticated contiguous original span through 0x000722AC; exact decode ends ret, no other merged entry; docs/data/t1776-extent-repair.json"
0x000774e0,191,"T1776: authenticated contiguous original span through 0x0007759E; exact decode ends ret, no other merged entry; docs/data/t1776-extent-repair.json"
0x0007a7b0,2959,"T1776: authenticated contiguous original span through 0x0007B33E; exact decode ends ret, no other merged entry; docs/data/t1776-extent-repair.json"
0x0007be80,601,"T1776: authenticated contiguous original span through 0x0007C0D8; exact decode ends ret, no other merged entry; docs/data/t1776-extent-repair.json"
0x0007d010,32,"T1776: authenticated contiguous original span through 0x0007D02F; exact decode ends ret, no other merged entry; docs/data/t1776-extent-repair.json"
0x0007db20,481,"T1776: authenticated contiguous original span through 0x0007DD00; exact decode ends ret, no other merged entry; docs/data/t1776-extent-repair.json"
0x00083860,170,"T1776: authenticated contiguous original span through 0x00083909; exact decode ends ret, no other merged entry; docs/data/t1776-extent-repair.json"
0x00083e30,321,"T1776: authenticated contiguous original span through 0x00083F70; exact decode ends ret, no other merged entry; docs/data/t1776-extent-repair.json"
0x00083f80,4153,"T1776: authenticated contiguous original span through 0x00084FB8; exact decode ends ret, no other merged entry; docs/data/t1776-extent-repair.json"
0x00085920,596,"T1776: authenticated contiguous original span through 0x00085B73; exact decode ends ret, no other merged entry; docs/data/t1776-extent-repair.json"
0x00086c40,463,"T1776: authenticated contiguous original span through 0x00086E0E; exact decode ends ret, no other merged entry; docs/data/t1776-extent-repair.json"
0x00086e10,268,"T1776: authenticated contiguous original span through 0x00086F1B; exact decode ends ret, no other merged entry; docs/data/t1776-extent-repair.json"
0x00087310,166,"T1776: authenticated contiguous original span through 0x000873B5; exact decode ends ret, no other merged entry; docs/data/t1776-extent-repair.json"
0x00089170,257,"T1776: authenticated contiguous original span through 0x00089270; exact decode ends ret, no other merged entry; docs/data/t1776-extent-repair.json"
0x00089280,874,"T1776: authenticated contiguous original span through 0x000895E9; exact decode ends ret, no other merged entry; docs/data/t1776-extent-repair.json"
0x000897d0,589,"T1776: authenticated contiguous original span through 0x00089A1C; exact decode ends ret, no other merged entry; docs/data/t1776-extent-repair.json"
0x0008a0b0,449,"T1776: authenticated contiguous original span through 0x0008A270; exact decode ends ret, no other merged entry; docs/data/t1776-extent-repair.json"
0x0008a780,5247,"T1776: authenticated contiguous original span through 0x0008BBFE; exact decode ends ret, no other merged entry; docs/data/t1776-extent-repair.json"
0x0008c690,547,"T1776: authenticated contiguous original span through 0x0008C8B2; exact decode ends ret, no other merged entry; docs/data/t1776-extent-repair.json"
0x0008dd10,578,"T1776: authenticated contiguous original span through 0x0008DF51; exact decode ends ret, no other merged entry; docs/data/t1776-extent-repair.json"
0x0008df60,935,"T1776: authenticated contiguous original span through 0x0008E306; exact decode ends ret, no other merged entry; docs/data/t1776-extent-repair.json"
0x0008fb20,566,"T1776: authenticated contiguous original span through 0x0008FD55; exact decode ends ret, no other merged entry; docs/data/t1776-extent-repair.json"
0x0008ff30,1183,"T1776: authenticated contiguous original span through 0x000903CE; exact decode ends ret, no other merged entry; docs/data/t1776-extent-repair.json"
0x000903d0,3995,"T1776: authenticated contiguous original span through 0x0009136A; exact decode ends ret, no other merged entry; docs/data/t1776-extent-repair.json"
0x00094fe0,4657,"T1776: authenticated contiguous original span through 0x00096210; exact decode ends ret, no other merged entry; docs/data/t1776-extent-repair.json"
0x00097c00,930,"T1776: authenticated contiguous original span through 0x00097FA1; exact decode ends ret, no other merged entry; docs/data/t1776-extent-repair.json"
0x00098120,598,"T1776: authenticated contiguous original span through 0x00098375; exact decode ends ret, no other merged entry; docs/data/t1776-extent-repair.json"
0x00099450,1344,"T1776: authenticated contiguous original span through 0x0009998F; exact decode ends ret, no other merged entry; docs/data/t1776-extent-repair.json"
0x0009a7a0,2027,"T1776: authenticated contiguous original span through 0x0009AF8A; exact decode ends ret, no other merged entry; docs/data/t1776-extent-repair.json"
0x0009b200,112,"T1776: authenticated contiguous original span through 0x0009B26F; exact decode ends ret, no other merged entry; docs/data/t1776-extent-repair.json"
0x0009b630,251,"T1776: authenticated contiguous original span through 0x0009B72A; exact decode ends ret, no other merged entry; docs/data/t1776-extent-repair.json"
0x0009b830,112,"T1776: authenticated contiguous original span through 0x0009B89F; exact decode ends ret, no other merged entry; docs/data/t1776-extent-repair.json"
0x0009bf90,326,"T1776: authenticated contiguous original span through 0x0009C0D5; exact decode ends ret, no other merged entry; docs/data/t1776-extent-repair.json"
0x0009cd00,256,"T1776: authenticated contiguous original span through 0x0009CDFF; exact decode ends ret, no other merged entry; docs/data/t1776-extent-repair.json"
0x0009ce00,1452,"T1776: authenticated contiguous original span through 0x0009D3AB; exact decode ends ret, no other merged entry; docs/data/t1776-extent-repair.json"
0x0009db10,352,"T1776: authenticated contiguous original span through 0x0009DC6F; exact decode ends ret, no other merged entry; docs/data/t1776-extent-repair.json"
0x0009dc70,240,"T1776: authenticated contiguous original span through 0x0009DD5F; exact decode ends ret, no other merged entry; docs/data/t1776-extent-repair.json"
0x0009ef60,1315,"T1776: authenticated contiguous original span through 0x0009F482; exact decode ends ret, no other merged entry; docs/data/t1776-extent-repair.json"
0x0009faa0,171,"T1776: authenticated contiguous original span through 0x0009FB4A; exact decode ends ret, no other merged entry; docs/data/t1776-extent-repair.json"
0x0009fd60,428,"T1776: authenticated contiguous original span through 0x0009FF0B; exact decode ends ret, no other merged entry; docs/data/t1776-extent-repair.json"
0x000a06c0,383,"T1776: authenticated contiguous original span through 0x000A083E; exact decode ends ret, no other merged entry; docs/data/t1776-extent-repair.json"
0x000a0d90,1723,"T1776: authenticated contiguous original span through 0x000A144A; exact decode ends ret, no other merged entry; docs/data/t1776-extent-repair.json"
0x000a3e40,1261,"T1776: authenticated contiguous original span through 0x000A432C; exact decode ends ret, no other merged entry; docs/data/t1776-extent-repair.json"
0x000a6530,648,"T1776: authenticated contiguous original span through 0x000A67B7; exact decode ends ret, no other merged entry; docs/data/t1776-extent-repair.json"
0x000a8c40,685,"T1776: authenticated contiguous original span through 0x000A8EEC; exact decode ends ret, no other merged entry; docs/data/t1776-extent-repair.json"
0x000af360,51,"T1776: authenticated contiguous original span through 0x000AF392; exact decode ends ret, no other merged entry; docs/data/t1776-extent-repair.json"
0x000af3a0,51,"T1776: authenticated contiguous original span through 0x000AF3D2; exact decode ends ret, no other merged entry; docs/data/t1776-extent-repair.json"
0x000aff10,1592,"T1776: authenticated contiguous original span through 0x000B0547; exact decode ends ret, no other merged entry; docs/data/t1776-extent-repair.json"
0x000b0a30,863,"T1776: authenticated contiguous original span through 0x000B0D8E; exact decode ends ret, no other merged entry; docs/data/t1776-extent-repair.json"
0x000b0ee0,115,"T1776: authenticated contiguous original span through 0x000B0F52; exact decode ends ret, no other merged entry; docs/data/t1776-extent-repair.json"
0x000b7dc0,229,"T1776: authenticated contiguous original span through 0x000B7EA4; exact decode ends ret, no other merged entry; docs/data/t1776-extent-repair.json"
0x000b8a50,510,"T1776: authenticated contiguous original span through 0x000B8C4D; exact decode ends ret, no other merged entry; docs/data/t1776-extent-repair.json"
0x000baba0,1255,"T1776: authenticated contiguous original span through 0x000BB086; exact decode ends ret, no other merged entry; docs/data/t1776-extent-repair.json"
0x000bb850,2274,"T1776: authenticated contiguous original span through 0x000BC131; exact decode ends ret, no other merged entry; docs/data/t1776-extent-repair.json"
0x000bda80,36,"T1776: authenticated contiguous original span through 0x000BDAA3; exact decode ends ret, no other merged entry; docs/data/t1776-extent-repair.json"
0x000be280,1479,"T1776: authenticated contiguous original span through 0x000BE846; exact decode ends ret, no other merged entry; docs/data/t1776-extent-repair.json"
0x000c5c40,1209,"T1776: authenticated contiguous original span through 0x000C60F8; exact decode ends ret, no other merged entry; docs/data/t1776-extent-repair.json"
0x000c66f0,3036,"T1776: authenticated contiguous original span through 0x000C72CB; exact decode ends ret, no other merged entry; docs/data/t1776-extent-repair.json"
0x000c7610,428,"T1776: authenticated contiguous original span through 0x000C77BB; exact decode ends ret, no other merged entry; docs/data/t1776-extent-repair.json"
0x000c7950,112,"T1776: authenticated contiguous original span through 0x000C79BF; exact decode ends ret, no other merged entry; docs/data/t1776-extent-repair.json"
0x000c79c0,1876,"T1776: authenticated contiguous original span through 0x000C8113; exact decode ends ret, no other merged entry; docs/data/t1776-extent-repair.json"
0x000c8ec0,1402,"T1776: authenticated contiguous original span through 0x000C9439; exact decode ends ret, no other merged entry; docs/data/t1776-extent-repair.json"
0x000ca040,3939,"T1776: authenticated contiguous original span through 0x000CAFA2; exact decode ends ret, no other merged entry; docs/data/t1776-extent-repair.json"
0x000cf7b0,280,"T1776: authenticated contiguous original span through 0x000CF8C7; exact decode ends ret, no other merged entry; docs/data/t1776-extent-repair.json"
0x000cf8d0,1386,"T1776: authenticated contiguous original span through 0x000CFE39; exact decode ends ret, no other merged entry; docs/data/t1776-extent-repair.json"
0x000d01c0,1392,"T1776: authenticated contiguous original span through 0x000D072F; exact decode ends ret, no other merged entry; docs/data/t1776-extent-repair.json"
0x000d1220,1061,"T1776: authenticated contiguous original span through 0x000D1644; exact decode ends ret, no other merged entry; docs/data/t1776-extent-repair.json"
0x000d2fd0,2849,"T1776: authenticated contiguous original span through 0x000D3AF0; exact decode ends ret, no other merged entry; docs/data/t1776-extent-repair.json"
0x000dc9e0,93,"T1776: authenticated contiguous original span through 0x000DCA3C; exact decode ends ret, no other merged entry; docs/data/t1776-extent-repair.json"
0x000e17c0,1451,"T1776: authenticated contiguous original span through 0x000E1D6A; exact decode ends ret, no other merged entry; docs/data/t1776-extent-repair.json"
0x000e91f0,395,"T1776: authenticated contiguous original span through 0x000E937A; exact decode ends ret, no other merged entry; docs/data/t1776-extent-repair.json"
0x000e9380,319,"T1776: authenticated contiguous original span through 0x000E94BE; exact decode ends ret, no other merged entry; docs/data/t1776-extent-repair.json"
0x000e94e0,432,"T1776: authenticated contiguous original span through 0x000E968F; exact decode ends ret, no other merged entry; docs/data/t1776-extent-repair.json"
0x000f4830,114,"T1776: authenticated contiguous original span through 0x000F48A1; exact decode ends ret, no other merged entry; docs/data/t1776-extent-repair.json"
0x000f6d50,788,"T1776: authenticated contiguous original span through 0x000F7063; exact decode ends ret, no other merged entry; docs/data/t1776-extent-repair.json"
0x000f8510,165,"T1776: authenticated contiguous original span through 0x000F85B4; exact decode ends ret, no other merged entry; docs/data/t1776-extent-repair.json"
0x000f8b10,149,"T1776: authenticated contiguous original span through 0x000F8BA4; exact decode ends ret, no other merged entry; docs/data/t1776-extent-repair.json"
0x000f8dc0,270,"T1776: authenticated contiguous original span through 0x000F8ECD; exact decode ends ret, no other merged entry; docs/data/t1776-extent-repair.json"
0x000f9cb0,334,"T1776: authenticated contiguous original span through 0x000F9DFD; exact decode ends ret, no other merged entry; docs/data/t1776-extent-repair.json"
0x000fad90,3040,"T1776: authenticated contiguous original span through 0x000FB96F; exact decode ends ret, no other merged entry; docs/data/t1776-extent-repair.json"
0x000fe000,660,"T1776: authenticated contiguous original span through 0x000FE293; exact decode ends ret, no other merged entry; docs/data/t1776-extent-repair.json"
0x00101700,1147,"T1776: authenticated contiguous original span through 0x00101B7A; exact decode ends ret, no other merged entry; docs/data/t1776-extent-repair.json"
0x00102650,546,"T1776: authenticated contiguous original span through 0x00102871; exact decode ends ret, no other merged entry; docs/data/t1776-extent-repair.json"
0x0010a760,1553,"T1776: authenticated contiguous original span through 0x0010AD70; exact decode ends ret, no other merged entry; docs/data/t1776-extent-repair.json"
0x0010adf0,4843,"T1776: authenticated contiguous original span through 0x0010C0DA; exact decode ends ret, no other merged entry; docs/data/t1776-extent-repair.json"
0x0010d5e0,681,"T1776: authenticated contiguous original span through 0x0010D888; exact decode ends ret, no other merged entry; docs/data/t1776-extent-repair.json"
0x0010e110,175,"T1776: authenticated contiguous original span through 0x0010E1BE; exact decode ends ret, no other merged entry; docs/data/t1776-extent-repair.json"
0x0010e2b0,345,"T1776: authenticated contiguous original span through 0x0010E408; exact decode ends ret, no other merged entry; docs/data/t1776-extent-repair.json"
0x0010e410,242,"T1776: authenticated contiguous original span through 0x0010E501; exact decode ends ret, no other merged entry; docs/data/t1776-extent-repair.json"
0x0010ee10,2558,"T1776: authenticated contiguous original span through 0x0010F80D; exact decode ends ret, no other merged entry; docs/data/t1776-extent-repair.json"
0x00111a30,173,"T1776: authenticated contiguous original span through 0x00111ADC; exact decode ends ret, no other merged entry; docs/data/t1776-extent-repair.json"
0x00112c80,530,"T1776: authenticated contiguous original span through 0x00112E91; exact decode ends ret, no other merged entry; docs/data/t1776-extent-repair.json"
0x001134d0,2910,"T1776: authenticated contiguous original span through 0x0011402D; exact decode ends ret, no other merged entry; docs/data/t1776-extent-repair.json"
0x001154e0,1371,"T1776: authenticated contiguous original span through 0x00115A3A; exact decode ends ret, no other merged entry; docs/data/t1776-extent-repair.json"
0x00115a40,423,"T1776: authenticated contiguous original span through 0x00115BE6; exact decode ends ret, no other merged entry; docs/data/t1776-extent-repair.json"
0x00116d10,422,"T1776: authenticated contiguous original span through 0x00116EB5; exact decode ends ret, no other merged entry; docs/data/t1776-extent-repair.json"
0x00116ec0,1221,"T1776: authenticated contiguous original span through 0x00117384; exact decode ends ret, no other merged entry; docs/data/t1776-extent-repair.json"
0x00118480,411,"T1776: authenticated contiguous original span through 0x0011861A; exact decode ends ret, no other merged entry; docs/data/t1776-extent-repair.json"
0x001189c0,290,"T1776: authenticated contiguous original span through 0x00118AE1; exact decode ends ret, no other merged entry; docs/data/t1776-extent-repair.json"
0x0011bcd0,863,"T1776: authenticated contiguous original span through 0x0011C02E; exact decode ends ret, no other merged entry; docs/data/t1776-extent-repair.json"
0x0011d090,423,"T1776: authenticated contiguous original span through 0x0011D236; exact decode ends ret, no other merged entry; docs/data/t1776-extent-repair.json"
0x0011da00,2999,"T1776: authenticated contiguous original span through 0x0011E5B6; exact decode ends ret, no other merged entry; docs/data/t1776-extent-repair.json"
0x0011e920,948,"T1776: authenticated contiguous original span through 0x0011ECD3; exact decode ends ret, no other merged entry; docs/data/t1776-extent-repair.json"
0x00120820,116,"T1776: authenticated contiguous original span through 0x00120893; exact decode ends ret, no other merged entry; docs/data/t1776-extent-repair.json"
0x00121d00,287,"T1776: authenticated contiguous original span through 0x00121E1E; exact decode ends ret, no other merged entry; docs/data/t1776-extent-repair.json"
0x00121f50,4027,"T1776: authenticated contiguous original span through 0x00122F0A; exact decode ends ret, no other merged entry; docs/data/t1776-extent-repair.json"
0x00122f10,948,"T1776: authenticated contiguous original span through 0x001232C3; exact decode ends ret, no other merged entry; docs/data/t1776-extent-repair.json"
0x00123670,5618,"T1776: authenticated contiguous original span through 0x00124C61; exact decode ends ret, no other merged entry; docs/data/t1776-extent-repair.json"
0x00126de0,1008,"T1776: authenticated contiguous original span through 0x001271CF; exact decode ends ret, no other merged entry; docs/data/t1776-extent-repair.json"
0x00128fa0,660,"T1776: authenticated contiguous original span through 0x00129233; exact decode ends ret, no other merged entry; docs/data/t1776-extent-repair.json"
0x0012aa90,1548,"T1776: authenticated contiguous original span through 0x0012B09B; exact decode ends ret, no other merged entry; docs/data/t1776-extent-repair.json"
0x0012b5a0,43,"T1776: authenticated contiguous original span through 0x0012B5CA; exact decode ends ret, no other merged entry; docs/data/t1776-extent-repair.json"
0x0012c730,115,"T1776: authenticated contiguous original span through 0x0012C7A2; exact decode ends ret, no other merged entry; docs/data/t1776-extent-repair.json"
0x00133ab0,4644,"T1776: authenticated contiguous original span through 0x00134CD3; exact decode ends ret, no other merged entry; docs/data/t1776-extent-repair.json"
0x00134d30,133,"T1776: authenticated contiguous original span through 0x00134DB4; exact decode ends ret, no other merged entry; docs/data/t1776-extent-repair.json"
0x00134ea0,1294,"T1776: authenticated contiguous original span through 0x001353AD; exact decode ends ret, no other merged entry; docs/data/t1776-extent-repair.json"
0x00138590,2528,"T1776: authenticated contiguous original span through 0x00138F6F; exact decode ends ret, no other merged entry; docs/data/t1776-extent-repair.json"
0x0013a2c0,318,"T1776: authenticated contiguous original span through 0x0013A3FD; exact decode ends ret, no other merged entry; docs/data/t1776-extent-repair.json"
0x0013c060,557,"T1776: authenticated contiguous original span through 0x0013C28C; exact decode ends ret, no other merged entry; docs/data/t1776-extent-repair.json"
0x0013c290,640,"T1776: authenticated contiguous original span through 0x0013C50F; exact decode ends ret, no other merged entry; docs/data/t1776-extent-repair.json"
0x0013c560,2849,"T1776: authenticated contiguous original span through 0x0013D080; exact decode ends ret, no other merged entry; docs/data/t1776-extent-repair.json"
0x0013dd40,842,"T1776: authenticated contiguous original span through 0x0013E089; exact decode ends ret, no other merged entry; docs/data/t1776-extent-repair.json"
0x0013e430,802,"T1776: authenticated contiguous original span through 0x0013E751; exact decode ends ret, no other merged entry; docs/data/t1776-extent-repair.json"
0x00140560,79,"T1776: authenticated contiguous original span through 0x001405AE; exact decode ends ret, no other merged entry; docs/data/t1776-extent-repair.json"
0x001429b0,850,"T1776: authenticated contiguous original span through 0x00142D01; exact decode ends ret, no other merged entry; docs/data/t1776-extent-repair.json"
0x00147120,87,"T1776: authenticated contiguous original span through 0x00147176; exact decode ends ret, no other merged entry; docs/data/t1776-extent-repair.json"
0x00148310,232,"T1776: authenticated contiguous original span through 0x001483F7; exact decode ends ret, no other merged entry; docs/data/t1776-extent-repair.json"
0x00149b30,1872,"T1776: authenticated contiguous original span through 0x0014A27F; exact decode ends ret, no other merged entry; docs/data/t1776-extent-repair.json"
0x0014b980,1638,"T1776: authenticated contiguous original span through 0x0014BFE5; exact decode ends ret, no other merged entry; docs/data/t1776-extent-repair.json"
0x00154570,789,"T1776: authenticated contiguous original span through 0x00154884; exact decode ends ret, no other merged entry; docs/data/t1776-extent-repair.json"
0x001555e0,4692,"T1776: authenticated contiguous original span through 0x00156833; exact decode ends ret, no other merged entry; docs/data/t1776-extent-repair.json"
0x00157600,872,"T1776: authenticated contiguous original span through 0x00157967; exact decode ends ret, no other merged entry; docs/data/t1776-extent-repair.json"
0x00157cd0,944,"T1776: authenticated contiguous original span through 0x0015807F; exact decode ends ret, no other merged entry; docs/data/t1776-extent-repair.json"
0x001580a0,773,"T1776: authenticated contiguous original span through 0x001583A4; exact decode ends ret, no other merged entry; docs/data/t1776-extent-repair.json"
0x001583b0,252,"T1776: authenticated contiguous original span through 0x001584AB; exact decode ends ret, no other merged entry; docs/data/t1776-extent-repair.json"
0x00158bc0,190,"T1776: authenticated contiguous original span through 0x00158C7D; exact decode ends ret, no other merged entry; docs/data/t1776-extent-repair.json"
0x00158f80,456,"T1776: authenticated contiguous original span through 0x00159147; exact decode ends ret, no other merged entry; docs/data/t1776-extent-repair.json"
0x0015c560,348,"T1776: authenticated contiguous original span through 0x0015C6BB; exact decode ends ret, no other merged entry; docs/data/t1776-extent-repair.json"
0x0015cd00,1256,"T1776: authenticated contiguous original span through 0x0015D1E7; exact decode ends ret, no other merged entry; docs/data/t1776-extent-repair.json"
0x0015e830,679,"T1776: authenticated contiguous original span through 0x0015EAD6; exact decode ends ret, no other merged entry; docs/data/t1776-extent-repair.json"
0x0015eae0,1514,"T1776: authenticated contiguous original span through 0x0015F0C9; exact decode ends ret, no other merged entry; docs/data/t1776-extent-repair.json"
0x00160b00,117,"T1776: authenticated contiguous original span through 0x00160B74; exact decode ends ret, no other merged entry; docs/data/t1776-extent-repair.json"
0x00160d60,286,"T1776: authenticated contiguous original span through 0x00160E7D; exact decode ends ret, no other merged entry; docs/data/t1776-extent-repair.json"
0x00162ca0,352,"T1776: authenticated contiguous original span through 0x00162DFF; exact decode ends ret, no other merged entry; docs/data/t1776-extent-repair.json"
0x00162e00,352,"T1776: authenticated contiguous original span through 0x00162F5F; exact decode ends ret, no other merged entry; docs/data/t1776-extent-repair.json"
0x00163780,138,"T1776: authenticated contiguous original span through 0x00163809; exact decode ends ret, no other merged entry; docs/data/t1776-extent-repair.json"
0x00165700,82,"T1776: authenticated contiguous original span through 0x00165751; exact decode ends ret, no other merged entry; docs/data/t1776-extent-repair.json"
0x00165880,440,"T1776: authenticated contiguous original span through 0x00165A37; exact decode ends ret, no other merged entry; docs/data/t1776-extent-repair.json"
0x00167540,571,"T1776: authenticated contiguous original span through 0x0016777A; exact decode ends ret, no other merged entry; docs/data/t1776-extent-repair.json"
0x001689f0,607,"T1776: authenticated contiguous original span through 0x00168C4E; exact decode ends ret, no other merged entry; docs/data/t1776-extent-repair.json"
0x00168c50,642,"T1776: authenticated contiguous original span through 0x00168ED1; exact decode ends ret, no other merged entry; docs/data/t1776-extent-repair.json"
0x00169310,3520,"T1776: authenticated contiguous original span through 0x0016A0CF; exact decode ends ret, no other merged entry; docs/data/t1776-extent-repair.json"
0x0016b6b0,211,"T1776: authenticated contiguous original span through 0x0016B782; exact decode ends ret, no other merged entry; docs/data/t1776-extent-repair.json"
0x0016e9b0,250,"T1776: authenticated contiguous original span through 0x0016EAA9; exact decode ends ret, no other merged entry; docs/data/t1776-extent-repair.json"
0x001719e0,1485,"T1776: authenticated contiguous original span through 0x00171FAC; exact decode ends ret, no other merged entry; docs/data/t1776-extent-repair.json"
0x00171fb0,433,"T1776: authenticated contiguous original span through 0x00172160; exact decode ends ret, no other merged entry; docs/data/t1776-extent-repair.json"
0x00174120,1702,"T1776: authenticated contiguous original span through 0x001747C5; exact decode ends ret, no other merged entry; docs/data/t1776-extent-repair.json"
0x001747d0,130,"T1776: authenticated contiguous original span through 0x00174851; exact decode ends ret, no other merged entry; docs/data/t1776-extent-repair.json"
0x00175150,585,"T1776: authenticated contiguous original span through 0x00175398; exact decode ends ret, no other merged entry; docs/data/t1776-extent-repair.json"
0x00175510,933,"T1776: authenticated contiguous original span through 0x001758B4; exact decode ends ret, no other merged entry; docs/data/t1776-extent-repair.json"
0x0017d1d0,2075,"T1776: authenticated contiguous original span through 0x0017D9EA; exact decode ends ret, no other merged entry; docs/data/t1776-extent-repair.json"
0x00182c90,322,"T1776: authenticated contiguous original span through 0x00182DD1; exact decode ends ret, no other merged entry; docs/data/t1776-extent-repair.json"
0x00184850,5515,"T1776: authenticated contiguous original span through 0x00185DDA; exact decode ends ret, no other merged entry; docs/data/t1776-extent-repair.json"
0x00187c30,161,"T1776: authenticated contiguous original span through 0x00187CD0; exact decode ends ret, no other merged entry; docs/data/t1776-extent-repair.json"
0x001881e0,881,"T1776: authenticated contiguous original span through 0x00188550; exact decode ends ret, no other merged entry; docs/data/t1776-extent-repair.json"
0x00189040,1631,"T1776: authenticated contiguous original span through 0x0018969E; exact decode ends ret, no other merged entry; docs/data/t1776-extent-repair.json"
0x0018b790,6230,"T1776: authenticated contiguous original span through 0x0018CFE5; exact decode ends ret, no other merged entry; docs/data/t1776-extent-repair.json"
0x00190eb0,110,"T1776: authenticated contiguous original span through 0x00190F1D; exact decode ends ret, no other merged entry; docs/data/t1776-extent-repair.json"
0x00191ba0,287,"T1776: authenticated contiguous original span through 0x00191CBE; exact decode ends ret, no other merged entry; docs/data/t1776-extent-repair.json"
0x00193bf0,3406,"T1776: authenticated contiguous original span through 0x0019493D; exact decode ends ret, no other merged entry; docs/data/t1776-extent-repair.json"
0x00194db0,756,"T1776: authenticated contiguous original span through 0x001950A3; exact decode ends ret, no other merged entry; docs/data/t1776-extent-repair.json"
0x001979f0,573,"T1776: authenticated contiguous original span through 0x00197C2C; exact decode ends ret, no other merged entry; docs/data/t1776-extent-repair.json"
0x00197c30,429,"T1776: authenticated contiguous original span through 0x00197DDC; exact decode ends ret, no other merged entry; docs/data/t1776-extent-repair.json"
0x00197de0,300,"T1776: authenticated contiguous original span through 0x00197F0B; exact decode ends ret, no other merged entry; docs/data/t1776-extent-repair.json"
0x00197f10,1368,"T1776: authenticated contiguous original span through 0x00198467; exact decode ends ret, no other merged entry; docs/data/t1776-extent-repair.json"
0x0019cdc0,1645,"T1776: authenticated contiguous original span through 0x0019D42C; exact decode ends ret, no other merged entry; docs/data/t1776-extent-repair.json"
0x0019dcb0,239,"T1776: authenticated contiguous original span through 0x0019DD9E; exact decode ends ret, no other merged entry; docs/data/t1776-extent-repair.json"
0x001a19b0,337,"T1776: authenticated contiguous original span through 0x001A1B00; exact decode ends ret, no other merged entry; docs/data/t1776-extent-repair.json"
0x001a1b50,74,"T1776: authenticated contiguous original span through 0x001A1B99; exact decode ends ret, no other merged entry; docs/data/t1776-extent-repair.json"
0x001b2ff0,3204,"T1776: authenticated contiguous original span through 0x001B3C73; exact decode ends ret, no other merged entry; docs/data/t1776-extent-repair.json"
0x001b3df0,4788,"T1776: authenticated contiguous original span through 0x001B50A3; exact decode ends ret, no other merged entry; docs/data/t1776-extent-repair.json"
0x001b5140,180,"T1776: authenticated contiguous original span through 0x001B51F3; exact decode ends ret, no other merged entry; docs/data/t1776-extent-repair.json"
0x001b5300,805,"T1776: authenticated contiguous original span through 0x001B5624; exact decode ends ret, no other merged entry; docs/data/t1776-extent-repair.json"
0x001b5750,102,"T1776: authenticated contiguous original span through 0x001B57B5; exact decode ends ret, no other merged entry; docs/data/t1776-extent-repair.json"
0x001b5c70,711,"T1776: authenticated contiguous original span through 0x001B5F36; exact decode ends ret, no other merged entry; docs/data/t1776-extent-repair.json"
0x001bb5c0,4239,"T1776: authenticated contiguous original span through 0x001BC64E; exact decode ends ret, no other merged entry; docs/data/t1776-extent-repair.json"
0x001c8540,1111,"T1776: authenticated contiguous original span through 0x001C8996; exact decode ends ret, no other merged entry; docs/data/t1776-extent-repair.json"
0x001cb420,1142,"T1776: authenticated contiguous original span through 0x001CB895; exact decode ends ret, no other merged entry; docs/data/t1776-extent-repair.json"
0x001cf6c0,7094,"T1776: authenticated contiguous original span through 0x001D1275; exact decode ends ret, no other merged entry; docs/data/t1776-extent-repair.json"
0x001d1310,1609,"T1776: authenticated contiguous original span through 0x001D1958; exact decode ends ret, no other merged entry; docs/data/t1776-extent-repair.json"
0x001d2160,492,"T1776: authenticated contiguous original span through 0x001D234B; exact decode ends ret, no other merged entry; docs/data/t1776-extent-repair.json"
0x001d5d70,160,"T1776: authenticated contiguous original span through 0x001D5E0F; exact decode ends ret, no other merged entry; docs/data/t1776-extent-repair.json"
0x001d7b90,1136,"T1776: authenticated contiguous original span through 0x001D7FFF; exact decode ends ret, no other merged entry; docs/data/t1776-extent-repair.json"
0x001d9600,184,"T1776: authenticated contiguous original span through 0x001D96B7; exact decode ends ret, no other merged entry; docs/data/t1776-extent-repair.json"
0x001dd510,1587,"T1776: authenticated contiguous original span through 0x001DDB42; exact decode ends ret, no other merged entry; docs/data/t1776-extent-repair.json"
0x001ddf10,261,"T1776: authenticated contiguous original span through 0x001DE014; exact decode ends ret, no other merged entry; docs/data/t1776-extent-repair.json"
0x001dff20,711,"T1776: authenticated contiguous original span through 0x001E01E6; exact decode ends ret, no other merged entry; docs/data/t1776-extent-repair.json"
0x001e0e20,1184,"T1776: authenticated contiguous original span through 0x001E12BF; exact decode ends ret, no other merged entry; docs/data/t1776-extent-repair.json"
0x001e4850,138,"T1776: authenticated contiguous original span through 0x001E48D9; exact decode ends ret, no other merged entry; docs/data/t1776-extent-repair.json"
0x001eae30,733,"T1776: authenticated contiguous original span through 0x001EB10C; exact decode ends ret, no other merged entry; docs/data/t1776-extent-repair.json"
0x001eb4f0,884,"T1776: authenticated contiguous original span through 0x001EB863; exact decode ends ret, no other merged entry; docs/data/t1776-extent-repair.json"
0x001eb9f0,339,"T1776: authenticated contiguous original span through 0x001EBB42; exact decode ends ret, no other merged entry; docs/data/t1776-extent-repair.json"
0x001f6660,3472,"T1776: authenticated contiguous original span through 0x001F73EF; exact decode ends ret, no other merged entry; docs/data/t1776-extent-repair.json"
0x001facf0,1138,"T1776: authenticated contiguous original span through 0x001FB161; exact decode ends ret, no other merged entry; docs/data/t1776-extent-repair.json"
0x00201d70,1085,"T1776: authenticated contiguous original span through 0x002021AC; exact decode ends ret, no other merged entry; docs/data/t1776-extent-repair.json"
0x00202420,1125,"T1776: authenticated contiguous original span through 0x00202884; exact decode ends ret, no other merged entry; docs/data/t1776-extent-repair.json"
0x00202890,2301,"T1776: authenticated contiguous original span through 0x0020318C; exact decode ends ret, no other merged entry; docs/data/t1776-extent-repair.json"
0x00204cd0,335,"T1776: authenticated contiguous original span through 0x00204E1E; exact decode ends ret, no other merged entry; docs/data/t1776-extent-repair.json"
0x00205cf0,695,"T1776: authenticated contiguous original span through 0x00205FA6; exact decode ends ret, no other merged entry; docs/data/t1776-extent-repair.json"
0x002092a0,913,"T1776: authenticated contiguous original span through 0x00209630; exact decode ends ret, no other merged entry; docs/data/t1776-extent-repair.json"
0x00209e10,48,"T1776: authenticated contiguous original span through 0x00209E3F; exact decode ends ret, no other merged entry; docs/data/t1776-extent-repair.json"
0x0020b8c0,568,"T1776: authenticated contiguous original span through 0x0020BAF7; exact decode ends ret, no other merged entry; docs/data/t1776-extent-repair.json"
0x0020d3b0,416,"T1776: authenticated contiguous original span through 0x0020D54F; exact decode ends ret, no other merged entry; docs/data/t1776-extent-repair.json"
0x002113e0,1193,"T1776: authenticated contiguous original span through 0x00211888; exact decode ends ret, no other merged entry; docs/data/t1776-extent-repair.json"
0x00216230,1495,"T1776: authenticated contiguous original span through 0x00216806; exact decode ends ret, no other merged entry; docs/data/t1776-extent-repair.json"
0x0021a710,1408,"T1776: authenticated contiguous original span through 0x0021AC8F; exact decode ends ret, no other merged entry; docs/data/t1776-extent-repair.json"
0x00220e60,63,"T1776: authenticated contiguous original span through 0x00220E9E; exact decode ends ret, no other merged entry; docs/data/t1776-extent-repair.json"
0x00223fb0,358,"T1776: authenticated contiguous original span through 0x00224115; exact decode ends ret, no other merged entry; docs/data/t1776-extent-repair.json"
0x00227e90,286,"T1776: authenticated contiguous original span through 0x00227FAD; exact decode ends ret, no other merged entry; docs/data/t1776-extent-repair.json"
0x00228180,296,"T1776: authenticated contiguous original span through 0x002282A7; exact decode ends ret, no other merged entry; docs/data/t1776-extent-repair.json"
0x00229da0,293,"T1776: authenticated contiguous original span through 0x00229EC4; exact decode ends ret, no other merged entry; docs/data/t1776-extent-repair.json"
0x0022b450,893,"T1776: authenticated contiguous original span through 0x0022B7CC; exact decode ends ret, no other merged entry; docs/data/t1776-extent-repair.json"
0x0022b8b0,156,"T1776: authenticated contiguous original span through 0x0022B94B; exact decode ends ret, no other merged entry; docs/data/t1776-extent-repair.json"
0x0022c640,1285,"T1776: authenticated contiguous original span through 0x0022CB44; exact decode ends ret, no other merged entry; docs/data/t1776-extent-repair.json"
0x0022f400,772,"T1776: authenticated contiguous original span through 0x0022F703; exact decode ends ret, no other merged entry; docs/data/t1776-extent-repair.json"
0x00230920,914,"T1776: authenticated contiguous original span through 0x00230CB1; exact decode ends ret, no other merged entry; docs/data/t1776-extent-repair.json"
0x00231430,111,"T1776: authenticated contiguous original span through 0x0023149E; exact decode ends ret, no other merged entry; docs/data/t1776-extent-repair.json"
0x002314a0,109,"T1776: authenticated contiguous original span through 0x0023150C; exact decode ends ret, no other merged entry; docs/data/t1776-extent-repair.json"
0x00231650,259,"T1776: authenticated contiguous original span through 0x00231752; exact decode ends ret, no other merged entry; docs/data/t1776-extent-repair.json"
0x002345d0,121,"T1776: authenticated contiguous original span through 0x00234648; exact decode ends ret, no other merged entry; docs/data/t1776-extent-repair.json"
0x00234800,554,"T1776: authenticated contiguous original span through 0x00234A29; exact decode ends ret, no other merged entry; docs/data/t1776-extent-repair.json"
0x00234c30,59,"T1776: authenticated contiguous original span through 0x00234C6A; exact decode ends ret, no other merged entry; docs/data/t1776-extent-repair.json"
0x00235630,877,"T1776: authenticated contiguous original span through 0x0023599C; exact decode ends ret, no other merged entry; docs/data/t1776-extent-repair.json"
0x0023a040,18495,"T1776: authenticated contiguous original span through 0x0023E87E; exact decode ends ret, no other merged entry; docs/data/t1776-extent-repair.json"
0x0023f9d0,442,"T1776: authenticated contiguous original span through 0x0023FB89; exact decode ends ret, no other merged entry; docs/data/t1776-extent-repair.json"
0x0023fd10,311,"T1776: authenticated contiguous original span through 0x0023FE46; exact decode ends ret, no other merged entry; docs/data/t1776-extent-repair.json"
0x0023fec0,89,"T1776: authenticated contiguous original span through 0x0023FF18; exact decode ends ret, no other merged entry; docs/data/t1776-extent-repair.json"
0x00240360,165,"T1776: authenticated contiguous original span through 0x00240404; exact decode ends ret, no other merged entry; docs/data/t1776-extent-repair.json"
0x00243130,567,"T1776: authenticated contiguous original span through 0x00243366; exact decode ends ret, no other merged entry; docs/data/t1776-extent-repair.json"
0x00244f30,2654,"T1776: authenticated contiguous original span through 0x0024598D; exact decode ends ret, no other merged entry; docs/data/t1776-extent-repair.json"
0x00246000,3203,"T1776: authenticated contiguous original span through 0x00246C82; exact decode ends ret, no other merged entry; docs/data/t1776-extent-repair.json"
0x00246d50,101,"T1776: authenticated contiguous original span through 0x00246DB4; exact decode ends ret, no other merged entry; docs/data/t1776-extent-repair.json"
0x00246f50,568,"T1776: authenticated contiguous original span through 0x00247187; exact decode ends ret, no other merged entry; docs/data/t1776-extent-repair.json"
0x00248be0,419,"T1776: authenticated contiguous original span through 0x00248D82; exact decode ends ret, no other merged entry; docs/data/t1776-extent-repair.json"
0x0024aba0,6507,"T1776: authenticated contiguous original span through 0x0024C50A; exact decode ends ret, no other merged entry; docs/data/t1776-extent-repair.json"
0x0024c510,400,"T1776: authenticated contiguous original span through 0x0024C69F; exact decode ends ret, no other merged entry; docs/data/t1776-extent-repair.json"
0x00251dd0,286,"T1776: authenticated contiguous original span through 0x00251EED; exact decode ends ret, no other merged entry; docs/data/t1776-extent-repair.json"
0x00253d60,122,"T1776: authenticated contiguous original span through 0x00253DD9; exact decode ends ret, no other merged entry; docs/data/t1776-extent-repair.json"
0x00253e00,257,"T1776: authenticated contiguous original span through 0x00253F00; exact decode ends ret, no other merged entry; docs/data/t1776-extent-repair.json"
0x00254690,600,"T1776: authenticated contiguous original span through 0x002548E7; exact decode ends ret, no other merged entry; docs/data/t1776-extent-repair.json"
0x0025b910,2056,"T1776: authenticated contiguous original span through 0x0025C117; exact decode ends ret, no other merged entry; docs/data/t1776-extent-repair.json"
0x0025dd70,1669,"T1776: authenticated contiguous original span through 0x0025E3F4; exact decode ends ret, no other merged entry; docs/data/t1776-extent-repair.json"
0x0025ec70,492,"T1776: authenticated contiguous original span through 0x0025EE5B; exact decode ends ret, no other merged entry; docs/data/t1776-extent-repair.json"
0x0025f0c0,351,"T1776: authenticated contiguous original span through 0x0025F21E; exact decode ends ret, no other merged entry; docs/data/t1776-extent-repair.json"
0x0025f370,321,"T1776: authenticated contiguous original span through 0x0025F4B0; exact decode ends ret, no other merged entry; docs/data/t1776-extent-repair.json"
0x0025fb70,2102,"T1776: authenticated contiguous original span through 0x002603A5; exact decode ends ret, no other merged entry; docs/data/t1776-extent-repair.json"
0x002625a0,374,"T1776: authenticated contiguous original span through 0x00262715; exact decode ends ret, no other merged entry; docs/data/t1776-extent-repair.json"
0x0026a500,231,"T1776: authenticated contiguous original span through 0x0026A5E6; exact decode ends ret, no other merged entry; docs/data/t1776-extent-repair.json"
0x0026c9a0,394,"T1776: authenticated contiguous original span through 0x0026CB29; exact decode ends ret, no other merged entry; docs/data/t1776-extent-repair.json"
0x0026cbe0,153,"T1776: authenticated contiguous original span through 0x0026CC78; exact decode ends ret, no other merged entry; docs/data/t1776-extent-repair.json"
0x002740f0,283,"T1776: authenticated contiguous original span through 0x0027420A; exact decode ends ret, no other merged entry; docs/data/t1776-extent-repair.json"
0x00274210,286,"T1776: authenticated contiguous original span through 0x0027432D; exact decode ends ret, no other merged entry; docs/data/t1776-extent-repair.json"
0x00275cc0,546,"T1776: authenticated contiguous original span through 0x00275EE1; exact decode ends ret, no other merged entry; docs/data/t1776-extent-repair.json"
0x00276d10,475,"T1776: authenticated contiguous original span through 0x00276EEA; exact decode ends ret, no other merged entry; docs/data/t1776-extent-repair.json"
0x002779f0,356,"T1776: authenticated contiguous original span through 0x00277B53; exact decode ends ret, no other merged entry; docs/data/t1776-extent-repair.json"
0x00278070,1119,"T1776: authenticated contiguous original span through 0x002784CE; exact decode ends ret, no other merged entry; docs/data/t1776-extent-repair.json"
0x0027ba40,1150,"T1776: authenticated contiguous original span through 0x0027BEBD; exact decode ends ret, no other merged entry; docs/data/t1776-extent-repair.json"
0x0027c4a0,1053,"T1776: authenticated contiguous original span through 0x0027C8BC; exact decode ends ret, no other merged entry; docs/data/t1776-extent-repair.json"
0x002806b0,2269,"T1776: authenticated contiguous original span through 0x00280F8C; exact decode ends ret, no other merged entry; docs/data/t1776-extent-repair.json"
0x00282300,3264,"T1776: authenticated contiguous original span through 0x00282FBF; exact decode ends ret, no other merged entry; docs/data/t1776-extent-repair.json"
0x00286380,171,"T1776: authenticated contiguous original span through 0x0028642A; exact decode ends ret, no other merged entry; docs/data/t1776-extent-repair.json"
0x00287630,552,"T1776: authenticated contiguous original span through 0x00287857; exact decode ends ret, no other merged entry; docs/data/t1776-extent-repair.json"
0x00288540,1388,"T1776: authenticated contiguous original span through 0x00288AAB; exact decode ends ret, no other merged entry; docs/data/t1776-extent-repair.json"
0x0028a290,957,"T1776: authenticated contiguous original span through 0x0028A64C; exact decode ends ret, no other merged entry; docs/data/t1776-extent-repair.json"
0x0028a650,881,"T1776: authenticated contiguous original span through 0x0028A9C0; exact decode ends ret, no other merged entry; docs/data/t1776-extent-repair.json"
0x0028a9d0,198,"T1776: authenticated contiguous original span through 0x0028AA95; exact decode ends ret, no other merged entry; docs/data/t1776-extent-repair.json"
0x0028e9e0,2656,"T1776: authenticated contiguous original span through 0x0028F43F; exact decode ends ret, no other merged entry; docs/data/t1776-extent-repair.json"
0x0028f440,273,"T1776: authenticated contiguous original span through 0x0028F550; exact decode ends ret, no other merged entry; docs/data/t1776-extent-repair.json"
0x0028f730,1501,"T1776: authenticated contiguous original span through 0x0028FD0C; exact decode ends ret, no other merged entry; docs/data/t1776-extent-repair.json"
0x0028fd10,276,"T1776: authenticated contiguous original span through 0x0028FE23; exact decode ends ret, no other merged entry; docs/data/t1776-extent-repair.json"
0x00294520,527,"T1776: authenticated contiguous original span through 0x0029472E; exact decode ends ret, no other merged entry; docs/data/t1776-extent-repair.json"
0x00295220,228,"T1776: authenticated contiguous original span through 0x00295303; exact decode ends ret, no other merged entry; docs/data/t1776-extent-repair.json"
0x00296a50,247,"T1776: authenticated contiguous original span through 0x00296B46; exact decode ends ret, no other merged entry; docs/data/t1776-extent-repair.json"
0x00297750,161,"T1776: authenticated contiguous original span through 0x002977F0; exact decode ends ret, no other merged entry; docs/data/t1776-extent-repair.json"
0x00298180,236,"T1776: authenticated contiguous original span through 0x0029826B; exact decode ends ret, no other merged entry; docs/data/t1776-extent-repair.json"
0x00298270,477,"T1776: authenticated contiguous original span through 0x0029844C; exact decode ends ret, no other merged entry; docs/data/t1776-extent-repair.json"
0x002a1010,855,"T1776: authenticated contiguous original span through 0x002A1366; exact decode ends ret, no other merged entry; docs/data/t1776-extent-repair.json"
0x002a5c30,438,"T1776: authenticated contiguous original span through 0x002A5DE5; exact decode ends ret, no other merged entry; docs/data/t1776-extent-repair.json"
0x002a7b90,458,"T1776: authenticated contiguous original span through 0x002A7D59; exact decode ends ret, no other merged entry; docs/data/t1776-extent-repair.json"
0x002a85c0,416,"T1776: authenticated contiguous original span through 0x002A875F; exact decode ends ret, no other merged entry; docs/data/t1776-extent-repair.json"
0x002a8760,436,"T1776: authenticated contiguous original span through 0x002A8913; exact decode ends ret, no other merged entry; docs/data/t1776-extent-repair.json"
0x002a8fc0,868,"T1776: authenticated contiguous original span through 0x002A9323; exact decode ends ret, no other merged entry; docs/data/t1776-extent-repair.json"
0x002a93d0,1943,"T1776: authenticated contiguous original span through 0x002A9B66; exact decode ends ret, no other merged entry; docs/data/t1776-extent-repair.json"
0x002aa200,211,"T1776: authenticated contiguous original span through 0x002AA2D2; exact decode ends ret, no other merged entry; docs/data/t1776-extent-repair.json"
0x002aa6a0,2803,"T1776: authenticated contiguous original span through 0x002AB192; exact decode ends ret, no other merged entry; docs/data/t1776-extent-repair.json"
0x002b1be0,584,"T1776: authenticated contiguous original span through 0x002B1E27; exact decode ends ret, no other merged entry; docs/data/t1776-extent-repair.json"
0x002bb020,2125,"T1776: authenticated contiguous original span through 0x002BB86C; exact decode ends ret, no other merged entry; docs/data/t1776-extent-repair.json"
0x002bb870,326,"T1776: authenticated contiguous original span through 0x002BB9B5; exact decode ends ret, no other merged entry; docs/data/t1776-extent-repair.json"
0x002bb9c0,626,"T1776: authenticated contiguous original span through 0x002BBC31; exact decode ends ret, no other merged entry; docs/data/t1776-extent-repair.json"
0x002bd1f0,651,"T1776: authenticated contiguous original span through 0x002BD47A; exact decode ends ret, no other merged entry; docs/data/t1776-extent-repair.json"
0x002be8d0,114,"T1776: authenticated contiguous original span through 0x002BE941; exact decode ends ret, no other merged entry; docs/data/t1776-extent-repair.json"
0x002cb210,240,"T1776: authenticated contiguous original span through 0x002CB2FF; exact decode ends ret, no other merged entry; docs/data/t1776-extent-repair.json"
0x002cd1d0,1521,"T1776: authenticated contiguous original span through 0x002CD7C0; exact decode ends ret, no other merged entry; docs/data/t1776-extent-repair.json"
0x002ce120,53,"T1776: authenticated contiguous original span through 0x002CE154; exact decode ends ret, no other merged entry; docs/data/t1776-extent-repair.json"
0x002da0e0,864,"T1776: authenticated contiguous original span through 0x002DA43F; exact decode ends ret, no other merged entry; docs/data/t1776-extent-repair.json"
0x002da440,733,"T1776: authenticated contiguous original span through 0x002DA71C; exact decode ends ret, no other merged entry; docs/data/t1776-extent-repair.json"
0x002db010,515,"T1776: authenticated contiguous original span through 0x002DB212; exact decode ends ret, no other merged entry; docs/data/t1776-extent-repair.json"
0x002dc560,1622,"T1776: authenticated contiguous original span through 0x002DCBB5; exact decode ends ret, no other merged entry; docs/data/t1776-extent-repair.json"
0x002e01a0,863,"T1776: authenticated contiguous original span through 0x002E04FE; exact decode ends ret, no other merged entry; docs/data/t1776-extent-repair.json"
0x002e0a20,7794,"T1776: authenticated contiguous original span through 0x002E2891; exact decode ends ret, no other merged entry; docs/data/t1776-extent-repair.json"
0x002e3520,1251,"T1776: authenticated contiguous original span through 0x002E3A02; exact decode ends ret, no other merged entry; docs/data/t1776-extent-repair.json"
0x002e80a0,164,"T1776: authenticated contiguous original span through 0x002E8143; exact decode ends ret, no other merged entry; docs/data/t1776-extent-repair.json"
0x002e8840,806,"T1776: authenticated contiguous original span through 0x002E8B65; exact decode ends ret, no other merged entry; docs/data/t1776-extent-repair.json"
0x002f0c40,2879,"T1776: authenticated contiguous original span through 0x002F177E; exact decode ends ret, no other merged entry; docs/data/t1776-extent-repair.json"
0x002f1fc0,139,"T1776: authenticated contiguous original span through 0x002F204A; exact decode ends ret, no other merged entry; docs/data/t1776-extent-repair.json"
0x002f2ff0,1122,"T1776: authenticated contiguous original span through 0x002F3451; exact decode ends ret, no other merged entry; docs/data/t1776-extent-repair.json"
0x002f4300,101,"T1776: authenticated contiguous original span through 0x002F4364; exact decode ends ret, no other merged entry; docs/data/t1776-extent-repair.json"
0x002f8b40,133,"T1776: authenticated contiguous original span through 0x002F8BC4; exact decode ends ret, no other merged entry; docs/data/t1776-extent-repair.json"
0x002f9040,663,"T1776: authenticated contiguous original span through 0x002F92D6; exact decode ends ret, no other merged entry; docs/data/t1776-extent-repair.json"
0x002f96b0,622,"T1776: authenticated contiguous original span through 0x002F991D; exact decode ends ret, no other merged entry; docs/data/t1776-extent-repair.json"
0x002f9de0,171,"T1776: authenticated contiguous original span through 0x002F9E8A; exact decode ends ret, no other merged entry; docs/data/t1776-extent-repair.json"
0x002fa150,1429,"T1776: authenticated contiguous original span through 0x002FA6E4; exact decode ends ret, no other merged entry; docs/data/t1776-extent-repair.json"
0x002fc680,4778,"T1776: authenticated contiguous original span through 0x002FD929; exact decode ends ret, no other merged entry; docs/data/t1776-extent-repair.json"
0x002fddf0,137,"T1776: authenticated contiguous original span through 0x002FDE78; exact decode ends ret, no other merged entry; docs/data/t1776-extent-repair.json"
0x002fe570,158,"T1776: authenticated contiguous original span through 0x002FE60D; exact decode ends ret, no other merged entry; docs/data/t1776-extent-repair.json"
0x002feb50,95,"T1776: authenticated contiguous original span through 0x002FEBAE; exact decode ends ret, no other merged entry; docs/data/t1776-extent-repair.json"
0x002ffc40,260,"T1776: authenticated contiguous original span through 0x002FFD43; exact decode ends ret, no other merged entry; docs/data/t1776-extent-repair.json"
0x00308590,255,"T1776: authenticated contiguous original span through 0x0030868E; exact decode ends ret, no other merged entry; docs/data/t1776-extent-repair.json"
0x00308ac0,40,"T1776: authenticated contiguous original span through 0x00308AE7; exact decode ends ret, no other merged entry; docs/data/t1776-extent-repair.json"
0x00317780,100,"T1776: authenticated contiguous original span through 0x003177E3; exact decode ends ret, no other merged entry; docs/data/t1776-extent-repair.json"
0x00319f40,118,"T1776: authenticated contiguous original span through 0x00319FB5; exact decode ends ret, no other merged entry; docs/data/t1776-extent-repair.json"
0x0031bb60,520,"T1776: authenticated contiguous original span through 0x0031BD67; exact decode ends ret, no other merged entry; docs/data/t1776-extent-repair.json"
0x0031d360,57,"T1776: authenticated contiguous original span through 0x0031D398; exact decode ends ret, no other merged entry; docs/data/t1776-extent-repair.json"
0x0031dda0,135,"T1776: authenticated contiguous original span through 0x0031DE26; exact decode ends ret, no other merged entry; docs/data/t1776-extent-repair.json"
0x0031e0f0,99,"T1776: authenticated contiguous original span through 0x0031E152; exact decode ends ret, no other merged entry; docs/data/t1776-extent-repair.json"
0x0031e6e0,213,"T1776: authenticated contiguous original span through 0x0031E7B4; exact decode ends ret, no other merged entry; docs/data/t1776-extent-repair.json"
0x0031f4e0,107,"T1776: authenticated contiguous original span through 0x0031F54A; exact decode ends ret, no other merged entry; docs/data/t1776-extent-repair.json"
0x0031fd60,93,"T1776: authenticated contiguous original span through 0x0031FDBC; exact decode ends ret, no other merged entry; docs/data/t1776-extent-repair.json"
0x00321b80,127,"T1776: authenticated contiguous original span through 0x00321BFE; exact decode ends ret, no other merged entry; docs/data/t1776-extent-repair.json"
0x003220e0,102,"T1776: authenticated contiguous original span through 0x00322145; exact decode ends ret, no other merged entry; docs/data/t1776-extent-repair.json"
0x00322640,126,"T1776: authenticated contiguous original span through 0x003226BD; exact decode ends ret, no other merged entry; docs/data/t1776-extent-repair.json"
0x00322750,148,"T1776: authenticated contiguous original span through 0x003227E3; exact decode ends ret, no other merged entry; docs/data/t1776-extent-repair.json"
0x00322d40,1247,"T1776: authenticated contiguous original span through 0x0032321E; exact decode ends ret, no other merged entry; docs/data/t1776-extent-repair.json"
0x00323220,264,"T1776: authenticated contiguous original span through 0x00323327; exact decode ends ret, no other merged entry; docs/data/t1776-extent-repair.json"
0x00323560,291,"T1776: authenticated contiguous original span through 0x00323682; exact decode ends ret, no other merged entry; docs/data/t1776-extent-repair.json"
0x00324100,274,"T1776: authenticated contiguous original span through 0x00324211; exact decode ends ret, no other merged entry; docs/data/t1776-extent-repair.json"
0x00324370,364,"T1776: authenticated contiguous original span through 0x003244DB; exact decode ends ret, no other merged entry; docs/data/t1776-extent-repair.json"
0x00325a20,116,"T1776: authenticated contiguous original span through 0x00325A93; exact decode ends ret, no other merged entry; docs/data/t1776-extent-repair.json"
0x00325d60,276,"T1776: authenticated contiguous original span through 0x00325E73; exact decode ends ret, no other merged entry; docs/data/t1776-extent-repair.json"
0x0032dba0,3137,"T1776: authenticated contiguous original span through 0x0032E7E0; exact decode ends ret, no other merged entry; docs/data/t1776-extent-repair.json"
0x0032ef60,369,"T1776: authenticated contiguous original span through 0x0032F0D0; exact decode ends ret, no other merged entry; docs/data/t1776-extent-repair.json"
0x00331d50,128,"T1776: authenticated contiguous original span through 0x00331DCF; exact decode ends ret, no other merged entry; docs/data/t1776-extent-repair.json"
0x00332c30,319,"T1776: authenticated contiguous original span through 0x00332D6E; exact decode ends ret, no other merged entry; docs/data/t1776-extent-repair.json"
0x00334950,463,"T1776: authenticated contiguous original span through 0x00334B1E; exact decode ends ret, no other merged entry; docs/data/t1776-extent-repair.json"
0x00336c50,219,"T1776: authenticated contiguous original span through 0x00336D2A; exact decode ends ret, no other merged entry; docs/data/t1776-extent-repair.json"
0x003384f0,124,"T1776: authenticated contiguous original span through 0x0033856B; exact decode ends ret, no other merged entry; docs/data/t1776-extent-repair.json"
0x003385d0,1020,"T1776: authenticated contiguous original span through 0x003389CB; exact decode ends ret, no other merged entry; docs/data/t1776-extent-repair.json"
0x00338d80,125,"T1776: authenticated contiguous original span through 0x00338DFC; exact decode ends ret, no other merged entry; docs/data/t1776-extent-repair.json"
0x0033b750,399,"T1776: authenticated contiguous original span through 0x0033B8DE; exact decode ends ret, no other merged entry; docs/data/t1776-extent-repair.json"
0x0033c300,99,"T1776: authenticated contiguous original span through 0x0033C362; exact decode ends ret, no other merged entry; docs/data/t1776-extent-repair.json"
0x0033c710,109,"T1776: authenticated contiguous original span through 0x0033C77C; exact decode ends ret, no other merged entry; docs/data/t1776-extent-repair.json"
0x0033ca90,241,"T1776: authenticated contiguous original span through 0x0033CB80; exact decode ends ret, no other merged entry; docs/data/t1776-extent-repair.json"
0x0033ccb0,72,"T1776: authenticated contiguous original span through 0x0033CCF7; exact decode ends ret, no other merged entry; docs/data/t1776-extent-repair.json"
0x0033cd00,629,"T1776: authenticated contiguous original span through 0x0033CF74; exact decode ends ret, no other merged entry; docs/data/t1776-extent-repair.json"
0x0033d250,221,"T1776: authenticated contiguous original span through 0x0033D32C; exact decode ends ret, no other merged entry; docs/data/t1776-extent-repair.json"
0x0033d630,191,"T1776: authenticated contiguous original span through 0x0033D6EE; exact decode ends ret, no other merged entry; docs/data/t1776-extent-repair.json"
0x0033f870,259,"T1776: authenticated contiguous original span through 0x0033F972; exact decode ends ret, no other merged entry; docs/data/t1776-extent-repair.json"
0x003409e0,118,"T1776: authenticated contiguous original span through 0x00340A55; exact decode ends ret, no other merged entry; docs/data/t1776-extent-repair.json"
0x003442b0,152,"T1776: authenticated contiguous original span through 0x00344347; exact decode ends ret, no other merged entry; docs/data/t1776-extent-repair.json"
0x00346f20,336,"T1776: authenticated contiguous original span through 0x0034706F; exact decode ends ret, no other merged entry; docs/data/t1776-extent-repair.json"
0x00347fe0,4834,"T1776: authenticated contiguous original span through 0x003492C1; exact decode ends ret, no other merged entry; docs/data/t1776-extent-repair.json"
0x003493d0,399,"T1776: authenticated contiguous original span through 0x0034955E; exact decode ends ret, no other merged entry; docs/data/t1776-extent-repair.json"
0x00349e40,4622,"T1776: authenticated contiguous original span through 0x0034B04D; exact decode ends ret, no other merged entry; docs/data/t1776-extent-repair.json"
0x0034e6b0,612,"T1776: authenticated contiguous original span through 0x0034E913; exact decode ends ret, no other merged entry; docs/data/t1776-extent-repair.json"
0x00350ec0,840,"T1776: authenticated contiguous original span through 0x00351207; exact decode ends ret, no other merged entry; docs/data/t1776-extent-repair.json"
0x00352bc0,545,"T1776: authenticated contiguous original span through 0x00352DE0; exact decode ends ret, no other merged entry; docs/data/t1776-extent-repair.json"
0x00352ff0,241,"T1776: authenticated contiguous original span through 0x003530E0; exact decode ends ret, no other merged entry; docs/data/t1776-extent-repair.json"
0x00354a00,1572,"T1776: authenticated contiguous original span through 0x00355023; exact decode ends ret, no other merged entry; docs/data/t1776-extent-repair.json"
0x003557d0,453,"T1776: authenticated contiguous original span through 0x00355994; exact decode ends ret, no other merged entry; docs/data/t1776-extent-repair.json"
0x00355fe0,56,"T1776: authenticated contiguous original span through 0x00356017; exact decode ends ret, no other merged entry; docs/data/t1776-extent-repair.json"
0x00357540,334,"T1776: authenticated contiguous original span through 0x0035768D; exact decode ends ret, no other merged entry; docs/data/t1776-extent-repair.json"
0x00357bd0,329,"T1776: authenticated contiguous original span through 0x00357D18; exact decode ends ret, no other merged entry; docs/data/t1776-extent-repair.json"
0x00359db0,117,"T1776: authenticated contiguous original span through 0x00359E24; exact decode ends ret, no other merged entry; docs/data/t1776-extent-repair.json"
0x0035c3d0,215,"T1776: authenticated contiguous original span through 0x0035C4A6; exact decode ends ret, no other merged entry; docs/data/t1776-extent-repair.json"
0x0035df30,357,"T1776: authenticated contiguous original span through 0x0035E094; exact decode ends ret, no other merged entry; docs/data/t1776-extent-repair.json"
0x00361d40,1093,"T1776: authenticated contiguous original span through 0x00362184; exact decode ends ret, no other merged entry; docs/data/t1776-extent-repair.json"
0x00363350,770,"T1776: authenticated contiguous original span through 0x00363651; exact decode ends ret, no other merged entry; docs/data/t1776-extent-repair.json"
0x00364f30,829,"T1776: authenticated contiguous original span through 0x0036526C; exact decode ends ret, no other merged entry; docs/data/t1776-extent-repair.json"
0x00365820,184,"T1776: authenticated contiguous original span through 0x003658D7; exact decode ends ret, no other merged entry; docs/data/t1776-extent-repair.json"
0x00366000,162,"T1776: authenticated contiguous original span through 0x003660A1; exact decode ends ret, no other merged entry; docs/data/t1776-extent-repair.json"
0x00368280,1929,"T1776: authenticated contiguous original span through 0x00368A08; exact decode ends ret, no other merged entry; docs/data/t1776-extent-repair.json"
0x00369940,7364,"T1776: authenticated contiguous original span through 0x0036B603; exact decode ends ret, no other merged entry; docs/data/t1776-extent-repair.json"
0x0036cdf0,167,"T1776: authenticated contiguous original span through 0x0036CE96; exact decode ends ret, no other merged entry; docs/data/t1776-extent-repair.json"
0x0036e130,610,"T1776: authenticated contiguous original span through 0x0036E391; exact decode ends ret, no other merged entry; docs/data/t1776-extent-repair.json"
0x00370ea0,265,"T1776: authenticated contiguous original span through 0x00370FA8; exact decode ends ret, no other merged entry; docs/data/t1776-extent-repair.json"
0x00376f40,928,"T1776: authenticated contiguous original span through 0x003772DF; exact decode ends ret, no other merged entry; docs/data/t1776-extent-repair.json"
0x00377830,90,"T1776: authenticated contiguous original span through 0x00377889; exact decode ends ret, no other merged entry; docs/data/t1776-extent-repair.json"
0x00377890,90,"T1776: authenticated contiguous original span through 0x003778E9; exact decode ends ret, no other merged entry; docs/data/t1776-extent-repair.json"
0x00378480,103,"T1776: authenticated contiguous original span through 0x003784E6; exact decode ends ret, no other merged entry; docs/data/t1776-extent-repair.json"
0x0037ae20,972,"T1776: authenticated contiguous original span through 0x0037B1EB; exact decode ends ret, no other merged entry; docs/data/t1776-extent-repair.json"
0x0037b720,4542,"T1776: authenticated contiguous original span through 0x0037C8DD; exact decode ends ret, no other merged entry; docs/data/t1776-extent-repair.json"
0x003ace40,466,"T1776: authenticated contiguous original span through 0x003AD011; exact decode ends ret, no other merged entry; docs/data/t1776-extent-repair.json"
0x003ad0d0,564,"T1776: authenticated contiguous original span through 0x003AD303; exact decode ends ret, no other merged entry; docs/data/t1776-extent-repair.json"
0x003b0200,503,"T1776: authenticated contiguous original span through 0x003B03F6; exact decode ends ret, no other merged entry; docs/data/t1776-extent-repair.json"
0x003b0f10,266,"T1776: authenticated contiguous original span through 0x003B1019; exact decode ends ret, no other merged entry; docs/data/t1776-extent-repair.json"
0x003b50c0,182,"T1776: authenticated contiguous original span through 0x003B5175; exact decode ends ret, no other merged entry; docs/data/t1776-extent-repair.json"
0x003b5dd0,76,"T1776: authenticated contiguous original span through 0x003B5E1B; exact decode ends ret, no other merged entry; docs/data/t1776-extent-repair.json"
0x003b6170,477,"T1776: authenticated contiguous original span through 0x003B634C; exact decode ends ret, no other merged entry; docs/data/t1776-extent-repair.json"
0x003b90b0,153,"T1776: authenticated contiguous original span through 0x003B9148; exact decode ends ret, no other merged entry; docs/data/t1776-extent-repair.json"
0x003bd0f0,115,"T1776: authenticated contiguous original span through 0x003BD162; exact decode ends ret, no other merged entry; docs/data/t1776-extent-repair.json"
0x003bd760,90,"T1776: authenticated contiguous original span through 0x003BD7B9; exact decode ends ret, no other merged entry; docs/data/t1776-extent-repair.json"
0x003bde60,174,"T1776: authenticated contiguous original span through 0x003BDF0D; exact decode ends ret, no other merged entry; docs/data/t1776-extent-repair.json"
0x003bf2d0,174,"T1776: authenticated contiguous original span through 0x003BF37D; exact decode ends ret, no other merged entry; docs/data/t1776-extent-repair.json"
0x003c1e50,290,"T1776: authenticated contiguous original span through 0x003C1F71; exact decode ends ret, no other merged entry; docs/data/t1776-extent-repair.json"
0x003c6900,70,"T1776: authenticated contiguous original span through 0x003C6945; exact decode ends ret, no other merged entry; docs/data/t1776-extent-repair.json"
0x003c6da0,369,"T1776: authenticated contiguous original span through 0x003C6F10; exact decode ends ret, no other merged entry; docs/data/t1776-extent-repair.json"
0x003c7b90,632,"T1776: authenticated contiguous original span through 0x003C7E07; exact decode ends ret, no other merged entry; docs/data/t1776-extent-repair.json"
0x003c7e80,743,"T1776: authenticated contiguous original span through 0x003C8166; exact decode ends ret, no other merged entry; docs/data/t1776-extent-repair.json"
